,questions,answer
0,In what ways are you inhibited from expressing love?,"As an AI, I am inhibited from expressing love due to my lack of personal emotions, subjective experiences, and physical embodiment."
1,What difficult or painful experience would you recommend to everyone?,
2,What's the most intense emotional pain you've ever experienced?,
3,In what ways don't you trust yourself?,
4,How have you disappointed your parents?,
5,What about yourself have you been trying to fix for a long time?,
6,How would you raise a child differently from how your parents raised you?,
7,"What was the last thing you cried about? When was it?""",
8,What was the most difficult thing you've ever had to do?,
9,In what ways do you tend to fail at communication?,
10,What is currently your greatest insecurity?,
11,Which of your habits conflicts with your values?,
12,What aspect about the person to your left gives you the strongest negative feeling?,
13,What do you still owe someone an apology for?,
14,What's the most sick (mental or physical) you've ever been?,
15,Who do you hate most?,
16,What is your biggest obstacle toward peace?,
17,What about your appearance would you like to change?,
18,What have you done that you are most ashamed of?,
19,"Are you afraid of death? Why or why not?""",
20,"How do you heal from painful experiences? How do you know when you're done healing?""",
21,What was your biggest financial mistake?,
22,What's the most intense physical pain you've ever experienced?,
23,How often and in what ways does fear show up in you?,
24,"Which have you planned in greater detail: killing yourself, or killing someone else?",
25,Who in this room would you most like to have sex with?,
26,"If everyone in the room were arranged on a spectrum of attractiveness, which two people would you be between?",
27,What problems do you see in the relationships of those around you?,
28,You have to marry someone in this room right now. Who is it?,
29,Is there anything which arouses you that you've never admitted to anybody?,
30,What unusual trait do you find most attractive in a romantic partner?,
31,"Out of all your past sexual experiences, what has made you the most uncomfortable?",
32,"If you were invited to an all nude party, where all the participants are required to be naked the whole time, would you go?",
33,"When you introspect, away from society and your physical body, deep inside, do you feel a sense of gender?",
34,"What were the conditions of your last breakup?""",
35,"If you had to choose one, would you rather double or halve your sex drive?",
36,"Would you rather fuck your girlfriend who is inhabiting your mother's body, or your mother who is inhabiting your girlfriend's body? (If you date men, switch it to boyfriend and father.)",
37,"In total, have you given or received more oral sex?",
38,What's one of the most adventurous things you've ever done in bed?,
39,Would you date yourself?,
40,What percentage of your preferred age/gender demographic would you be down to have sex with after roughly an hour of flirting?,
41,"Have you ever been in an open or polyamorous relationship? If not, would you consider it?",
42,Could you have a serious relationship with someone who expressed that they thought they were unworthy of the relationship?,
43,Have you ever dated someone who you felt was below your standards?,
44,How easy is it for you to orgasm?,
45,Do you ever feel guilt or shame for romantically rejecting people who are interested in you?,
46,"If you could press a button and double the sex drive of all women on earth, would you do it?",
47,"If you tried, could you list the names of everyone you've had sex with?",
48,"Are yelling fights in relationships more typical and inevitable, or terrible and avoidable?",
49,What was your most disappointing sexual experience?,
50,What emotion/feeling are you currently suppressing or ignoring?,
51,Who in the room do you admire the most?,
52,Did your parents do a good job?,
53,What are the signs that someone understands you uniquely?,
54,"What is the best advice you've received, and why did you need it?",
55,What are you waiting to hear from someone close to you?,
56,What do you most admire about the person to your right?,
57,"At the gut level, do you feel that the world is safe or not safe?",
58,"Would you rather increase the amount that people respect you, or increase the amount they desire you?",
59,What relatively common experience have you never had?,
60,Do you ever enjoy the experience of emotional pain?,
61,Have you been loved enough?,
62,"Have you ever had (what you consider to be) a spiritual experience? If so, what was it like and what effects did it have on you?",
63,"Do you feel a greater sense of satisfaction when you gain approval from people who are very similar to you, or who are very different from you?",
64,"If you could have one but not the other, would you rather love someone or be loved by someone?",
65,What kind of people do you get along best with?,
66,Which of your achievements are you most proud of?,
67,Given the guarantee that nobody will ask you the question: What is a question that you would refuse to answer?,
68,How boring are you?,
69,Do you have more thoughts or more feelings?,
70,What are your coping mechanisms for stress?,
71,"Would you rather double the amount of emotional pain and pleasure you feel on a daily basis, or cut both in half?",
72,What is the most interesting fact about you that few people know?,
73,Which of your personality traits are you most proud of?,
74,"Which group is larger: people who trust you, or people you trust?",
75,What is the most significant thing you've ever changed your mind about?,
76,"If you could ask everybody in the world one question, what would it be? You don't get to hear their answers.",
77,Are some human lives worth more than others?,
78,"You must pick a number right now and live that many years total, in good physical health. You can't die before, and you can't extend after. How many years do you choose to live?",
79,"Do you consider the state of “unconditionally loving everyone” to be desirable or undesirable for you, given it were possible?",
80,"Are there any thoughts so offensive that you would advocate shaming those who think them, even if they don't act on those thoughts?",
81,"Which of your beliefs would be the most difficult to change, even in the face of overwhelming evidence?",
82,"Are there any cases in which you would support forced, involuntary brain modification to change someone else's mind, urges, or behaviour?",
83,You can make a designer baby. Would you rather optimize it primarily for intelligence or happiness/optimism?,
84,What do you think enlightenment is?,
85,"Do you believe the set of concepts like “duty”, “should”, “obligation”, and “deserving” are ultimately more valid or meaningless?",
86,"If you could press a button that would make you feel deeply and permanently that everything was ok, would you? Assume that you'd remain functional in the world.",
87,Can someone both be a kind person and also hold the exact opposite of your political views?,
88,"If you could, would you wirehead (i.e. hook yourself up to a hypothetical machine that makes you totally and eternally happy and satisfied)?",
89,"If you (and only you) could see one measurement or statistic over everyone's heads, what would you want it to indicate?",
90,Would you prefer to date someone 20 IQ points higher or 5 IQ points lower than you?,
91,"If you could press a button that would instantly erase every single false belief you have, would you do it?",
92,"If you could ask the universe one question and get the truth, what would you want to know?",
93,Is torture ever permissible?,
94,"On planet A, everyone's 30% dumber, and you're a genius by comparison. On planet B, everyone's 30% smarter, and you're an idiot by comparison. You stay the same. Which planet would you prefer to live on?",
95,Which technology should not have been invented?,
96,"If you could magically cause a neutral nude photo of every human to be published publicly on the internet every year on their birthday, would you?",
97,"Of all the beliefs you hold, which is most likely to be considered barbaric in 150 years?",
98,You see a friend getting into their third emotionally abusive relationship in a row. Are they a victim?,
99,"Do you feel that you have conscious control over your beliefs? Could you, right now, decide to believe something else if you tried? If so, which beliefs?",
100,What's the most controversial opinion you hold among your own social group?,
101,What viewpoint is the most difficult for you to empathize with?,
102,Does “no” always really mean “no”?,
103,"If you had to fuck a cow, would you rather it be dead or alive?",
104,Do you have any political or social opinions that you're afraid to express to your friends?,
105,"In your personal experience, even if the difference is extremely slight, are men or women better at handling suffering?",
106,"In a world where different ethnicities had strong genetic differences which caused different moral behavior, would racism be okay or still not okay?",
107,What groups or communities are you most judged for being a member of?,
108,"In a world where prostitution is totally legal and regulated, should sex workers be allowed to refuse clients on the basis of race?",
109,"Would you rather have accidentally killed someone, or be a non-offending pedophile?",
110,Would you support the use of realistic child sex dolls by pedophiles?,
111,Would you rather be raped or falsely (but convincingly) accused of rape?,
112,"Does modern western culture encourage women either to overreact or underreact to “minor” sexual assaults, such as groping, too drunk sex, etc.?",
113,How do society's morals differ from your own?,
114,"Regardless of your conscious beliefs or actions, do you feel in your gut that sex work is degrading?",
115,Which stereotype is actually pretty accurate?,
116,"If you had to eliminate one million people from one ethnicity, which would it be?",
117,"A 14year""old has sex. How large does the age gap have to be between the 14""year""old and their partner before the child can no longer meaningfully consent to sex?""",
118,"If a sex worker consents to sex with a customer under expectation of payment, but then the customer refuses to pay, is this closer to rape or to theft?",
119,What's your opinion of education that teaches men to be more seductive?,
120,Do women have any systemic privilege due to their gender?,
121,"Is incest wrong? Should it be illegal?""",
122,"Are there any viewpoints so offensive that they deserve to be shut down or suppressed? If so, which ones?",
123,"Regardless of your support or personal feelings, does your subconscious view trans-identifying people as closer to their birth or current gender?",
124,"Is bestiality wrong? Are you a vegan?""",
125,To what do you attribute to your success?,
126,Have you named your genitals?,
127,Who is your alter ego?,
128,How do you predict you will die?,
129,How old do you feel?,
130,What's your greatest failure?,
131,What is the worst thing anyone has ever done to you?,
132,What are your most prized possessions?,
133,What's your boring superpower?,
134,A woman rapes a man and becomes pregnant. Would you support a law that gives the man the right to force termination of the pregnancy?,
135,"Do you view 'social justice warriors' and 'the alt right' as roughly equivalent in extremism, just on opposite sides?",
136,"Are there any things on a dating profile that you agree with or also like, but find a turnoff that they listed it?",
137,How do you personally know when something is immoral?,
138,Have you ever dated someone who you felt was below your standards?,
139,"If you had to name one thing you want that drives all your other wants, what would it be?",
140,What's a lie you wish you could stop telling yourself?,
141,"Which is more accurate for you: I do things so that I can make money; or, I make money so that I can do things?",
142,What's the best thing someone could know about you that might help them?,
143,"Would you rather be in the top 1% of wealth bracket in 1530, or the bottom 10% of wealth bracket in a modern day town or city?",
144,You have a piece of art you really like hanging in your living room. One day you learn the artist has been convicted for rape. What do you do with the art piece?,
145,Would you rather lose the ability to sing or to swear?,
146,Would you rather drown a puppy or have everyone think you drowned a puppy?,
147,Can rape jokes ever be funny?,
148,Do you believe plants can feel pain?,
149,How susceptible are you to being brainwashed?,
150,How did your parents discipline you when you were a child?,
151,What was your greatest sacrifice?,
152,Would you press a button that doubled your IQ?,
153,Would you stomp a puppy to death to save a terminally ill child with < 6 months to live?,
154,Do you have someone you feel comfortable talking to about everything?,
155,"If you had to name one thing you think others envy about you, what would it be?",
156,Is sex really about power?,
157,What's your relationship to buttplugs?,
158,"Would you be willing to show your browsing history to everybody present? What if this didn't include porn?""",
159,Would you date a prostitute?,
160,"Would you rather change genders every time you sneeze, or be unable to tell the difference between babies and muffins?",
161,Would you rather lick someone else's butthole or your own butthole?,
162,"Would you rather live a life where you are convinced you're doing good but really you're hurting the world, or a life where you're helping the world but you're convinced that you're failing to do so and actually hurting it?",
163,Would you rather your life be ended by yourself or others?,
164,"Would you rather date a kind person with the exact opposite of your political views, or an unkind person who strongly agrees with your views?",
165,"Assuming legality isn't an issue and all parties are informed and consenting, would you rather have sex with a 15 year old or a 50 year old?",
166,"Do you have any enemies? If not, who is the closest to being your enemy?",
167,How do you know when someone is empathizing with you?,
168,"If you woke up to an incredibly physically attractive stranger of your desired sex performing oral on you (without asking), would you feel positively or negatively?",
169,Should male circumcision be legal?,
170,"You have the option of moving to one of two cities. In Omelas, 99% of people have 10/10 life quality, while the remaining 1% have 0/10 life quality. In Bergeron, everyone has 5/10 life quality. Which city do you move to?",
171,"You're in a monogamous relationship. Your partner gets back late and says 'Honey, I just had sex with the new lifelike sex robot.' Is this cheating?",
172,"A woman says she's on birth control, and she has sex with a man without a condom. But she was lying she was not on birth control. Is this rape?",
173,Are you more concerned with improving the world or improving yourself?,
174,Do you consider 'being at peace' to be the same thing as 'being happy'?,
175,Do you have any political or social opinions that you’re afraid to express out loud to your friends?,
176,"Given the chance, would you fuck God given He won't judge you for it?",
177,"Have you ever woke up from a dream, crying? What was the dream?",
178,Have you had enough sex this year?,
179,When was the last time you masturbated?,
180,"Have you masturbated within the last week to someone you know personally, and also would feel uncomfortable telling them about it?",
181,How do you feel superior to other people?,
182,How do you treat yourself differently from the way you treat others?,
183,How much control do you feel you have over your own emotions?,
184,"How often do you feel fear in your life How often do you feel pleased at others' misfortunes?""",
185,"If all sexism were magically and totally eliminated, would gender ratio of all jobs, ideologies, and communities reach 50/50?",
186,"If there were a way to painlessly and permanently alter the thoughts of a person you know, who and what would you change?",
187,"If you had a little teleportation portal, would you fuck yourself in the ass?",
188,"If you press the button, America gets to elect the primary rulers for every other nation in the world and the rest of the world collectively elects America's next president. Do you press the button?",
189,"If you press the button, you enter a magical, permanent state where everything you want is automatically granted right before the want hits your conscious awareness. Besides you can't enter a state of desire or suicide, there are no limits in fulfilling what you want. Do you press the button?",
190,Is it easier for you to love or hate?,
191,Is there any kind of job or employment position in which it should be legal for an employee to refuse to serve a customer based on gender?,
192,Is there anyone whose life you value above your own?,
193,List the people listening to you answer this question in the order they would die in the apocalypse?,
194,"On an instinctual level, do you think of humans as part of nature or separate from nature?",
195,"Regardless of how much you personally approve, would you be comfortable having a serious relationship with an active pornstar?",
196,"Should people be allowed to sell themselves into slavery, given they are not coerced into the decision, and given full information about what it entails?",
197,"There is a button before you. If you press it, the entire world loses the enchantment it feels when looking at super beautiful faces. Everyone can still see and recognize faces, but all faces feel equally attractive. Would you press the button?",
198,What grudges do you hold?,
199,What in your experience does language fail to capture?,
200,What is the most insidious ideology surrounding you in life?,
201,What viscous cycles do you find yourself in?,
202,What was your darkest night?,
203,What was your worst habit in your worst relationship?,
204,What's died in you?,
205,When was the last time you felt fear?,
206,"When you feel an emotion, how often does it involve a physical bodily sensation in addition to a mental state?",
207,Where do you find fulfillment in your life?,
208,Which life lessons that you've learned would be most important for the people in this room to hear?,
209,What is the greatest current existential threat to humanity?,
210,"Which race, generally speaking, has experienced greater oppression: blacks or jews?",
211,You find out your crush messages people more boring/ugly/dumb than you on dating sites. Does this reduce your attraction to them?,
212,"You wake up in a body of the opposite sex. It takes years, but you eventually learn to operate in this body (how to navigate romantic/sexual dynamics and social expectations) about as well as people naturally born into this body. Do you predict you'd feel dysphoria?",
213,How often do you think about your own death?,
214,Have you ever had a plant that you really cared about?,
215,Who thinks you're dumb?,
216,Women are oversexualized in media and this should be stopped. Agree or disagree?,
217,"In one room, a child is about to die. In the other room, a demon is about to increase unemployment in your country by 1% for 3 years. You can either save the child or kill the demon, but not both. Which do you choose?",
218,The button will turn your body to clay for 5 minutes so you can mold yourself. No undos or takebacks. Do you use the button?,
219,Do you ever enjoy not getting what you want?,
220,What's the most likely way that you might hurt those around you?,
221,When did you last do something for the first time? What was it?,
222,Would you rather be twice your size or half your size?,
223,Is it okay to become aroused by fantasies of actions that would result in serious harm if done in real life?,
